employee_id,department,region,education,gender,recruitment_channel,no_of_trainings,age,previous_year_rating,length_of_service,awards_won,avg_training_score,is_promoted
65438,Sales & Marketing,region_7,Master's & above,f,sourcing,1,35,5.0,8,0,49.0,0
65141,Operations,region_22,Bachelor's,m,other,1,30,5.0,4,0,60.0,0
7513,Sales & Marketing,region_19,Bachelor's,m,sourcing,1,34,3.0,7,0,50.0,0
2542,Sales & Marketing,region_23,Bachelor's,m,other,2,39,1.0,10,0,50.0,0
48945,Technology,region_26,Bachelor's,m,other,1,45,3.0,2,0,73.0,0
58896,Analytics,region_2,Bachelor's,m,sourcing,2,31,3.0,7,0,85.0,0
20379,Operations,region_20,Bachelor's,f,other,1,31,3.0,5,0,59.0,0
16290,Operations,region_34,Master's & above,m,sourcing,1,33,3.0,6,0,63.0,0
73202,Analytics,region_20,Bachelor's,m,other,1,28,4.0,5,0,83.0,0
28911,Sales & Marketing,region_1,Master's & above,m,sourcing,1,32,5.0,5,0,54.0,0
29934,Technology,region_23,,m,sourcing,1,30,,1,0,77.0,0
49017,Sales & Marketing,region_7,Bachelor's,f,sourcing,1,35,5.0,3,0,50.0,1
60051,Sales & Marketing,region_4,Bachelor's,m,sourcing,1,49,5.0,5,0,49.0,0
38401,Technology,region_29,Master's & above,m,other,2,39,3.0,16,0,80.0,0
77040,R&D,region_2,Master's & above,m,sourcing,1,37,3.0,7,0,84.0,0
43931,Operations,region_7,Bachelor's,m,other,1,37,1.0,10,0,60.0,0
7152,Technology,region_2,Bachelor's,m,other,1,38,3.0,5,0,77.0,0
9403,Sales & Marketing,region_31,Bachelor's,m,other,1,34,1.0,4,0,51.0,0
17436,Sales & Marketing,region_31,Bachelor's,m,other,1,34,5.0,8,0,46.0,0
54461,Operations,region_15,Bachelor's,m,other,1,37,3.0,9,0,59.0,0
12067,Procurement,region_14,Bachelor's,m,other,1,35,3.0,7,0,75.0,0
33332,Operations,region_15,,m,sourcing,1,41,4.0,11,0,57.0,0
58789,Finance,region_11,Bachelor's,f,other,1,28,3.0,4,0,63.0,0
71177,Procurement,region_5,Bachelor's,m,other,1,27,,1,0,70.0,0
52057,Finance,region_22,Master's & above,m,sourcing,2,39,5.0,7,0,59.0,0
26585,Technology,region_22,Bachelor's,m,other,1,27,5.0,3,0,83.0,0
37749,Procurement,region_26,Bachelor's,m,other,1,31,5.0,4,0,68.0,0
2370,Technology,region_26,Bachelor's,m,other,1,33,4.0,4,0,79.0,0
8219,Analytics,region_5,Bachelor's,m,other,1,29,5.0,3,0,80.0,0
74759,Sales & Marketing,region_4,Bachelor's,m,sourcing,1,26,,1,0,44.0,0
27395,Procurement,region_15,Bachelor's,m,sourcing,1,37,5.0,10,0,72.0,0
58536,Finance,region_31,Bachelor's,m,other,2,26,1.0,2,0,,0
35465,Sales & Marketing,region_7,,f,sourcing,1,24,1.0,2,0,48.0,0
51756,Operations,region_2,Bachelor's,m,sourcing,2,57,4.0,6,0,58.0,0
57011,Analytics,region_22,Bachelor's,m,other,2,27,5.0,3,0,87.0,0
77064,Sales & Marketing,region_22,Bachelor's,m,other,1,40,2.0,4,0,47.0,0
64062,Technology,region_28,Bachelor's,m,sourcing,1,33,4.0,4,0,75.0,0
47123,Sales & Marketing,region_7,Bachelor's,f,sourcing,1,40,5.0,3,0,47.0,0
56275,Sales & Marketing,region_1,Master's & above,m,other,1,42,5.0,5,0,51.0,0
58304,Sales & Marketing,region_28,Bachelor's,m,sourcing,1,33,5.0,6,0,51.0,1
25014,Technology,region_15,Bachelor's,m,other,1,34,3.0,10,0,80.0,0
40097,Operations,region_2,Bachelor's,f,other,2,23,4.0,2,0,57.0,0
23560,HR,region_2,Bachelor's,m,sourcing,1,59,4.0,26,0,52.0,0
17423,Sales & Marketing,region_2,,m,other,3,24,2.0,2,0,48.0,0
61758,Analytics,region_2,Bachelor's,m,other,1,44,5.0,12,0,88.0,0
75009,Procurement,region_17,Bachelor's,f,sourcing,1,50,5.0,11,0,71.0,0
17876,Procurement,region_13,Master's & above,f,other,1,37,4.0,4,0,71.0,0
36924,Technology,region_16,Bachelor's,m,sourcing,1,40,3.0,11,0,80.0,0
50408,Sales & Marketing,region_20,Bachelor's,m,sourcing,1,30,3.0,3,0,49.0,0
18013,Procurement,region_2,Master's & above,f,sourcing,1,56,3.0,12,0,73.0,0
24104,Finance,region_2,Bachelor's,m,sourcing,1,20,4.0,2,0,60.0,0
32083,Sales & Marketing,region_25,Bachelor's,f,sourcing,1,31,3.0,8,0,48.0,0
38330,Procurement,region_15,Bachelor's,m,sourcing,1,40,3.0,12,0,65.0,0
33690,HR,region_22,Bachelor's,m,other,1,30,1.0,6,0,50.0,0
73161,Operations,region_22,Bachelor's,m,other,1,39,3.0,5,0,62.0,0
13596,Analytics,region_31,Bachelor's,m,other,2,26,2.0,2,0,85.0,0
45709,Sales & Marketing,region_31,Bachelor's,f,other,1,29,,1,0,49.0,0
32709,R&D,region_22,Master's & above,m,sourcing,1,40,3.0,5,0,84.0,0
26599,Sales & Marketing,region_16,Bachelor's,m,other,2,27,,1,0,47.0,0
32656,Sales & Marketing,region_19,Bachelor's,m,other,1,40,4.0,7,0,52.0,0
17673,Sales & Marketing,region_4,Master's & above,m,other,1,50,4.0,17,0,47.0,1
3113,Sales & Marketing,region_29,Bachelor's,m,sourcing,1,25,3.0,3,0,53.0,0
9150,Analytics,region_22,Bachelor's,f,other,1,28,,1,0,80.0,0
14107,Sales & Marketing,region_1,Master's & above,m,sourcing,1,35,4.0,2,0,52.0,0
58747,R&D,region_26,Bachelor's,m,other,1,34,5.0,5,0,87.0,0
3342,Operations,region_13,Master's & above,f,sourcing,1,31,3.0,3,0,58.0,0
77981,Finance,region_22,Bachelor's,m,other,1,27,,1,1,58.0,1
16502,Sales & Marketing,region_22,Bachelor's,m,sourcing,1,27,,1,0,,1
73729,Procurement,region_10,Bachelor's,m,other,1,30,4.0,6,0,75.0,0
45624,Analytics,region_31,Bachelor's,m,other,1,30,3.0,7,0,84.0,1
75677,Operations,region_22,Bachelor's,f,other,1,50,5.0,5,0,59.0,0
24040,Technology,region_22,Master's & above,m,other,1,34,5.0,7,0,78.0,1
68082,Sales & Marketing,region_2,Master's & above,f,sourcing,1,41,1.0,12,0,52.0,0
51786,Sales & Marketing,region_16,Bachelor's,m,sourcing,1,32,4.0,6,0,44.0,0
77577,Sales & Marketing,region_7,Bachelor's,m,other,1,50,3.0,14,0,52.0,0
54782,Sales & Marketing,region_2,Master's & above,m,sourcing,1,38,4.0,2,0,49.0,1
52368,Sales & Marketing,region_27,Bachelor's,m,sourcing,2,29,1.0,5,0,51.0,0
75103,Sales & Marketing,region_30,Bachelor's,m,sourcing,1,35,4.0,3,0,53.0,0
7520,Analytics,region_2,Bachelor's,m,other,1,25,3.0,2,0,91.0,0
59147,Sales & Marketing,region_22,Bachelor's,m,sourcing,1,30,3.0,3,0,58.0,1
53092,Technology,region_2,Bachelor's,m,referred,1,47,3.0,7,0,79.0,0
34564,Operations,region_4,Master's & above,m,sourcing,1,35,2.0,7,0,53.0,0
66013,Sales & Marketing,region_2,,m,sourcing,2,25,3.0,2,0,53.0,0
77135,R&D,region_22,Bachelor's,m,other,1,36,4.0,8,0,82.0,0
44575,Legal,region_7,Bachelor's,m,other,1,29,,1,0,65.0,1
47498,Operations,region_11,Master's & above,f,sourcing,1,42,5.0,11,0,60.0,1
20798,HR,region_20,Bachelor's,f,sourcing,1,28,2.0,6,0,52.0,0
69094,Sales & Marketing,region_2,,m,sourcing,1,39,1.0,9,0,49.0,0
22261,Procurement,region_7,Master's & above,m,sourcing,1,32,5.0,3,0,69.0,1
9589,Sales & Marketing,region_31,Bachelor's,f,other,1,31,,1,0,51.0,0
62658,Sales & Marketing,region_2,,f,sourcing,1,20,,1,0,55.0,0
21628,Analytics,region_12,Bachelor's,m,other,1,34,3.0,8,0,85.0,0
68484,Procurement,region_2,Master's & above,m,sourcing,2,46,4.0,3,0,74.0,0
44523,HR,region_2,Master's & above,m,other,1,47,3.0,7,0,44.0,0
35420,Operations,region_2,Bachelor's,f,other,1,44,4.0,13,0,53.0,0
43923,Analytics,region_14,Bachelor's,m,sourcing,1,31,4.0,4,0,86.0,0
64109,Technology,region_26,Bachelor's,f,sourcing,1,23,,1,0,77.0,0
41983,Operations,region_2,Bachelor's,f,sourcing,1,33,3.0,5,0,57.0,0
21440,Sales & Marketing,region_31,Bachelor's,m,other,1,41,3.0,12,0,52.0,0
51256,Finance,region_2,Master's & above,m,other,1,60,5.0,17,0,59.0,0
66635,Operations,region_15,Bachelor's,m,other,1,31,5.0,4,0,63.0,1
16027,Operations,region_26,Bachelor's,f,other,1,37,3.0,11,0,57.0,0
46020,Analytics,region_7,Bachelor's,m,sourcing,2,39,3.0,4,0,83.0,0
28509,Sales & Marketing,region_7,Bachelor's,m,other,1,40,5.0,8,0,54.0,0
33587,Sales & Marketing,region_28,Master's & above,m,sourcing,1,42,5.0,4,0,50.0,0
21387,Operations,region_13,Bachelor's,m,other,1,35,4.0,6,0,57.0,1
55927,Operations,region_13,Master's & above,f,sourcing,1,41,4.0,6,0,62.0,0
60763,Procurement,region_2,Bachelor's,f,other,1,23,3.0,2,0,73.0,0
53167,Sales & Marketing,region_16,Bachelor's,m,sourcing,2,31,3.0,4,0,50.0,0
32672,Analytics,region_22,Master's & above,m,other,1,42,2.0,19,0,79.0,0
48785,Sales & Marketing,region_22,Bachelor's,m,other,3,29,4.0,2,0,49.0,0
51444,HR,region_13,Bachelor's,f,other,1,30,,1,0,54.0,0
75778,Operations,region_2,Bachelor's,m,sourcing,1,41,4.0,6,0,63.0,0
14141,Sales & Marketing,region_7,Bachelor's,f,other,1,40,3.0,2,0,90.0,1
17894,Sales & Marketing,region_2,Bachelor's,m,referred,1,34,5.0,5,0,49.0,0
54380,Sales & Marketing,region_4,Bachelor's,f,other,1,31,4.0,2,0,46.0,0
51892,Technology,region_2,Bachelor's,m,other,1,27,5.0,2,0,86.0,1
3625,Procurement,region_21,Bachelor's,m,sourcing,4,30,3.0,2,0,72.0,0
38771,Procurement,region_23,Bachelor's,f,other,1,27,4.0,4,0,72.0,1
18959,Technology,region_15,Bachelor's,m,other,4,36,4.0,7,0,82.0,0
21137,Technology,region_2,Bachelor's,m,sourcing,1,35,4.0,6,0,77.0,0
26097,Sales & Marketing,region_25,Master's & above,m,other,1,34,5.0,7,0,51.0,1
38052,Procurement,region_34,Master's & above,m,sourcing,1,37,5.0,3,1,92.0,1
41746,Operations,region_22,Bachelor's,f,sourcing,1,27,,1,0,58.0,0
72744,Procurement,region_2,Master's & above,m,sourcing,2,47,3.0,5,0,71.0,0
5461,Analytics,region_8,Bachelor's,m,other,1,28,,1,0,83.0,0
15227,Procurement,region_27,Master's & above,f,other,1,40,5.0,5,0,68.0,0
66874,Sales & Marketing,region_27,Bachelor's,f,other,1,30,,1,0,50.0,0
42068,Operations,region_1,Master's & above,m,other,1,38,5.0,9,0,,0
54825,Sales & Marketing,region_25,Bachelor's,m,other,1,30,3.0,2,0,47.0,0
77709,Sales & Marketing,region_11,Bachelor's,f,sourcing,1,28,5.0,3,0,46.0,0
43712,Procurement,region_22,Bachelor's,m,sourcing,2,28,5.0,4,0,67.0,0
74783,Operations,region_29,Bachelor's,m,sourcing,1,35,4.0,7,0,58.0,0
19318,Analytics,region_22,Bachelor's,m,other,1,32,3.0,8,0,89.0,1
12096,Sales & Marketing,region_26,Master's & above,m,sourcing,1,36,5.0,8,0,50.0,0
5102,Operations,region_7,Bachelor's,m,sourcing,1,24,,1,0,56.0,0
29521,Technology,region_15,Bachelor's,m,other,1,27,3.0,4,0,78.0,0
36371,Finance,region_28,Master's & above,m,other,2,34,3.0,7,0,56.0,0
51164,Technology,region_14,Bachelor's,f,other,1,31,4.0,4,1,78.0,0
17812,Technology,region_27,Bachelor's,f,sourcing,1,30,4.0,2,0,77.0,0
7606,Technology,region_29,Bachelor's,f,other,2,30,3.0,7,1,76.0,0
50593,Finance,region_23,Bachelor's,m,sourcing,1,31,,1,0,56.0,0
73735,Analytics,region_25,Bachelor's,m,other,1,30,5.0,3,0,84.0,0
29313,Finance,region_22,Bachelor's,m,sourcing,1,28,3.0,2,0,57.0,0
40262,Technology,region_2,Bachelor's,m,other,2,28,3.0,5,0,81.0,0
36904,Sales & Marketing,region_15,Bachelor's,m,other,1,29,3.0,2,0,51.0,0
62552,Sales & Marketing,region_22,Master's & above,m,sourcing,1,46,3.0,11,0,51.0,0
63285,Technology,region_29,Bachelor's,m,sourcing,1,31,5.0,4,0,80.0,0
74203,Procurement,region_5,Bachelor's,m,sourcing,1,28,1.0,4,0,72.0,0
75344,Sales & Marketing,region_4,Master's & above,m,other,1,31,4.0,6,0,50.0,0
74018,HR,region_7,Master's & above,f,other,1,37,3.0,9,0,48.0,0
34985,Technology,region_5,Bachelor's,f,other,2,34,5.0,8,0,88.0,1
35930,Procurement,region_2,Bachelor's,m,sourcing,1,25,5.0,3,0,70.0,1
6708,Operations,region_22,Master's & above,m,sourcing,1,40,4.0,4,0,57.0,0
5515,Operations,region_13,Master's & above,m,other,1,43,3.0,7,0,56.0,1
53373,Operations,region_13,Bachelor's,m,other,1,36,1.0,5,0,56.0,0
69316,Legal,region_29,Bachelor's,m,sourcing,1,29,3.0,3,0,63.0,0
41009,Finance,region_13,Bachelor's,m,sourcing,2,35,3.0,2,0,56.0,0
50622,Analytics,region_25,Master's & above,m,other,1,34,5.0,2,0,84.0,0
30106,Sales & Marketing,region_16,Bachelor's,f,sourcing,1,32,4.0,4,0,,0
45157,HR,region_4,Bachelor's,m,other,1,27,,1,0,50.0,0
23523,Technology,region_26,Bachelor's,m,sourcing,1,29,3.0,5,0,75.0,0
74349,Sales & Marketing,region_5,Bachelor's,m,sourcing,1,34,1.0,4,0,48.0,0
70543,Procurement,region_2,Master's & above,m,sourcing,1,37,5.0,7,0,70.0,0
42245,Procurement,region_22,Bachelor's,f,other,1,33,3.0,3,0,73.0,0
34405,Procurement,region_2,Master's & above,f,other,1,33,5.0,4,0,67.0,0
4134,Sales & Marketing,region_16,Bachelor's,f,other,1,39,1.0,8,0,,0
23599,Technology,region_23,Master's & above,m,other,1,34,4.0,7,0,82.0,0
942,Technology,region_22,Bachelor's,m,other,2,32,4.0,6,0,84.0,0
5281,Sales & Marketing,region_7,Master's & above,m,other,1,34,4.0,6,0,53.0,0
197,Finance,region_12,Bachelor's,m,other,1,29,5.0,6,0,,0
37574,Sales & Marketing,region_2,Bachelor's,m,sourcing,2,28,1.0,2,0,50.0,0
26773,Technology,region_7,Bachelor's,f,other,1,28,2.0,5,0,75.0,0
70034,Procurement,region_2,Master's & above,f,other,2,35,3.0,9,0,70.0,0
40565,Technology,region_2,Bachelor's,f,other,2,40,3.0,3,0,86.0,0
17193,Sales & Marketing,region_2,Bachelor's,f,other,2,27,2.0,4,0,54.0,0
76550,Procurement,region_22,Bachelor's,f,other,3,26,3.0,3,0,70.0,0
53841,Operations,region_2,Bachelor's,m,sourcing,1,43,2.0,12,0,57.0,0
28314,Finance,region_26,Bachelor's,m,other,1,23,,1,0,,0
30196,Analytics,region_25,Bachelor's,m,sourcing,1,29,5.0,6,0,84.0,0
29757,Sales & Marketing,region_14,Bachelor's,m,sourcing,1,43,3.0,15,0,51.0,0
6073,Sales & Marketing,region_2,Bachelor's,m,sourcing,3,27,4.0,4,0,49.0,0
9863,Procurement,region_27,Bachelor's,m,sourcing,1,26,4.0,4,0,70.0,0
34306,Procurement,region_13,Bachelor's,f,other,1,31,5.0,5,0,72.0,0
34041,Operations,region_7,Bachelor's,m,other,1,40,4.0,11,0,58.0,0
21356,Operations,region_15,Bachelor's,f,other,2,39,5.0,12,0,55.0,0
29540,Operations,region_2,Bachelor's,f,other,2,30,3.0,6,0,57.0,0
51669,Technology,region_2,Master's & above,m,other,1,47,4.0,4,0,77.0,0
33825,Sales & Marketing,region_17,Bachelor's,m,other,1,34,4.0,7,0,48.0,1
6254,Operations,region_2,,f,other,1,33,4.0,9,0,64.0,0
11645,Sales & Marketing,region_23,Master's & above,m,other,1,41,5.0,7,0,51.0,0
3231,Technology,region_7,Bachelor's,m,other,1,29,1.0,4,0,80.0,0
7030,Analytics,region_31,Bachelor's,f,other,1,32,3.0,4,0,86.0,0
54198,Procurement,region_7,Master's & above,f,other,1,47,5.0,9,0,68.0,0
62293,Operations,region_27,Bachelor's,m,other,1,35,4.0,3,0,65.0,0
25312,Technology,region_22,Bachelor's,m,other,1,27,4.0,2,0,75.0,0
75610,Analytics,region_32,Bachelor's,m,other,1,29,1.0,3,0,81.0,0
16518,Sales & Marketing,region_20,Bachelor's,m,sourcing,2,36,3.0,9,0,49.0,0
42747,Sales & Marketing,region_15,Bachelor's,m,other,2,35,1.0,8,0,39.0,0
67980,Procurement,region_2,Bachelor's,f,sourcing,2,34,3.0,2,0,70.0,0
53630,Sales & Marketing,region_23,Master's & above,f,sourcing,1,34,4.0,5,1,94.0,1
72423,Operations,region_2,Master's & above,m,sourcing,1,39,3.0,2,0,60.0,0
73022,Sales & Marketing,region_25,Bachelor's,m,other,1,26,5.0,2,0,51.0,0
63976,Operations,region_31,Bachelor's,f,sourcing,1,30,5.0,4,0,56.0,0
60761,Operations,region_16,,f,other,1,31,4.0,2,0,62.0,0
57228,HR,region_2,Master's & above,m,sourcing,1,44,5.0,6,0,48.0,0
14912,Sales & Marketing,region_1,Bachelor's,m,other,1,38,3.0,4,0,49.0,0
22725,Technology,region_26,Bachelor's,m,other,1,40,1.0,3,0,78.0,0
18981,Legal,region_2,Master's & above,m,sourcing,1,50,5.0,6,1,58.0,0
50845,Procurement,region_19,Master's & above,m,other,1,44,3.0,12,0,70.0,0
11800,Procurement,region_2,Below Secondary,f,other,1,23,1.0,2,0,69.0,0
16351,Sales & Marketing,region_7,Master's & above,f,sourcing,1,36,1.0,2,0,53.0,0
75881,Analytics,region_27,Bachelor's,m,sourcing,1,25,1.0,4,0,80.0,0
73200,Operations,region_28,Bachelor's,m,sourcing,1,34,5.0,4,0,58.0,0
17833,Analytics,region_4,Bachelor's,m,sourcing,1,28,,1,0,85.0,0
58338,Analytics,region_1,Bachelor's,m,other,2,30,5.0,6,0,81.0,0
40187,Procurement,region_12,Bachelor's,m,sourcing,1,35,1.0,8,0,67.0,0
70193,Analytics,region_6,Bachelor's,m,sourcing,1,33,4.0,8,0,86.0,0
27188,Analytics,region_13,Master's & above,m,other,1,30,3.0,4,0,80.0,0
24291,Analytics,region_26,Bachelor's,m,other,2,27,5.0,3,0,85.0,0
43676,Procurement,region_2,Bachelor's,m,other,4,29,,1,0,68.0,0
52231,Operations,region_2,Bachelor's,m,sourcing,1,43,3.0,3,0,58.0,0
34241,Analytics,region_22,Bachelor's,m,other,2,28,3.0,5,0,86.0,0
76661,Procurement,region_17,Bachelor's,m,other,1,31,5.0,3,0,68.0,0
50595,Operations,region_2,Bachelor's,f,other,1,43,4.0,12,0,58.0,0
67673,Operations,region_4,Bachelor's,f,other,1,35,5.0,9,0,60.0,0
10547,Sales & Marketing,region_5,Bachelor's,m,other,2,35,3.0,9,0,49.0,0
73405,Operations,region_2,Master's & above,m,other,1,50,3.0,8,0,59.0,0
73114,HR,region_17,Bachelor's,f,other,1,26,4.0,3,0,50.0,0
22572,Sales & Marketing,region_27,Bachelor's,m,sourcing,1,32,3.0,5,0,52.0,0
62923,Operations,region_13,Master's & above,f,other,1,38,5.0,2,1,93.0,1
57235,Sales & Marketing,region_26,,m,other,1,22,4.0,2,0,51.0,0
22300,HR,region_20,Bachelor's,m,other,1,28,,1,0,52.0,0
24090,Procurement,region_14,Bachelor's,f,sourcing,1,37,3.0,9,0,69.0,0
57298,Analytics,region_2,Bachelor's,m,sourcing,2,54,3.0,9,0,86.0,0
25629,Sales & Marketing,region_11,Bachelor's,m,sourcing,1,36,3.0,8,0,51.0,0
71339,Technology,region_6,Bachelor's,m,other,1,35,3.0,8,0,78.0,0
54714,Analytics,region_29,Bachelor's,m,other,1,39,3.0,4,0,85.0,0
7390,Operations,region_12,Bachelor's,f,sourcing,1,31,5.0,4,0,63.0,0
9563,Operations,region_31,Bachelor's,m,other,2,38,3.0,7,1,60.0,0
39107,Sales & Marketing,region_22,Bachelor's,m,sourcing,1,28,1.0,2,0,48.0,0
19445,Sales & Marketing,region_7,Bachelor's,m,sourcing,3,26,2.0,3,0,52.0,0
42636,Sales & Marketing,region_26,Bachelor's,m,sourcing,1,29,,1,0,54.0,0
32557,Analytics,region_20,Bachelor's,m,sourcing,1,30,3.0,4,0,84.0,0
43396,Operations,region_22,Bachelor's,m,sourcing,2,37,2.0,4,0,57.0,1
24414,R&D,region_2,,m,other,1,25,,1,0,76.0,0
63237,Technology,region_22,Bachelor's,m,referred,1,26,4.0,2,0,82.0,0
32838,Technology,region_7,Bachelor's,m,other,1,31,4.0,4,0,78.0,0
23003,Technology,region_14,Bachelor's,f,other,1,38,5.0,7,0,82.0,0
45198,Sales & Marketing,region_13,Bachelor's,m,other,1,39,4.0,9,0,49.0,0
40376,Sales & Marketing,region_4,Bachelor's,m,other,1,30,5.0,4,1,50.0,0
60176,Procurement,region_15,Master's & above,f,other,1,34,5.0,8,0,67.0,0
67652,Procurement,region_23,Master's & above,f,other,1,33,3.0,5,0,72.0,0
15476,Technology,region_2,Bachelor's,f,other,1,29,5.0,3,0,78.0,0
55811,Operations,region_2,Bachelor's,m,sourcing,1,28,4.0,2,0,,0
15737,Finance,region_22,Bachelor's,m,sourcing,1,24,,1,0,56.0,0
10058,Analytics,region_22,Bachelor's,m,other,2,26,4.0,2,0,87.0,0
73435,Legal,region_22,Bachelor's,m,sourcing,1,34,5.0,4,0,64.0,0
51255,Sales & Marketing,region_27,Bachelor's,m,sourcing,1,35,3.0,7,0,46.0,0
70060,Technology,region_13,Master's & above,m,other,1,43,3.0,14,0,79.0,0
51473,Sales & Marketing,region_15,Bachelor's,m,other,1,34,1.0,8,0,39.0,0
71904,Technology,region_7,Master's & above,f,other,2,38,3.0,10,0,88.0,0
76080,Operations,region_7,Bachelor's,f,other,1,34,1.0,5,0,54.0,0
33357,Operations,region_22,Bachelor's,m,sourcing,1,41,4.0,4,0,63.0,0
53502,Finance,region_7,Bachelor's,m,sourcing,2,29,1.0,4,0,,0
26409,Operations,region_2,Bachelor's,m,other,1,33,4.0,3,0,,0
59608,Sales & Marketing,region_2,Master's & above,f,other,1,41,4.0,5,0,48.0,0
28687,Operations,region_2,Master's & above,m,other,3,38,3.0,11,0,57.0,0
34312,Procurement,region_2,Master's & above,f,other,2,54,4.0,23,0,66.0,0
11438,Sales & Marketing,region_13,Master's & above,f,sourcing,2,34,2.0,8,0,49.0,0
11794,R&D,region_2,Bachelor's,m,other,2,26,5.0,3,0,87.0,0
48756,Operations,region_7,Bachelor's,f,sourcing,1,35,5.0,3,0,59.0,0
35873,Legal,region_2,Below Secondary,m,other,1,28,,1,0,62.0,0
13970,Operations,region_33,Master's & above,m,other,1,36,3.0,4,0,60.0,0
49868,Technology,region_5,Bachelor's,m,other,1,45,3.0,15,0,87.0,0
25261,Procurement,region_7,Master's & above,m,other,1,38,4.0,7,0,66.0,0
44536,Sales & Marketing,region_27,Bachelor's,f,other,1,26,2.0,4,0,47.0,0
55550,Analytics,region_27,,m,sourcing,1,31,3.0,4,0,85.0,0
27989,Analytics,region_34,Bachelor's,m,sourcing,1,32,3.0,7,0,87.0,0
12598,Analytics,region_6,Bachelor's,m,sourcing,1,29,4.0,4,0,78.0,0
32877,Sales & Marketing,region_2,Bachelor's,f,other,1,40,3.0,12,0,50.0,0
30682,Technology,region_2,Bachelor's,m,referred,2,29,4.0,6,0,75.0,0
1829,Analytics,region_28,Bachelor's,m,other,2,31,5.0,7,0,87.0,0
2177,Finance,region_16,Bachelor's,m,other,1,32,5.0,6,0,58.0,0
51771,Operations,region_17,Bachelor's,m,other,1,42,5.0,11,0,67.0,0
26026,Procurement,region_15,Bachelor's,f,sourcing,1,30,5.0,3,0,65.0,0
64977,Procurement,region_16,Bachelor's,f,other,1,24,3.0,2,0,70.0,0
44585,Sales & Marketing,region_30,Bachelor's,m,sourcing,1,35,3.0,7,0,56.0,0
43562,Technology,region_5,Bachelor's,f,sourcing,2,32,1.0,3,0,80.0,0
56287,HR,region_2,Bachelor's,f,sourcing,1,22,3.0,2,0,47.0,0
19100,Sales & Marketing,region_2,Bachelor's,m,sourcing,2,44,5.0,14,0,48.0,0
58203,Operations,region_16,Bachelor's,m,other,2,39,3.0,9,0,58.0,0
12504,Technology,region_7,Bachelor's,f,other,1,46,4.0,17,0,85.0,0
49126,Technology,region_15,Bachelor's,m,other,1,29,2.0,5,0,77.0,0
66469,Finance,region_7,Bachelor's,m,other,1,26,1.0,3,0,59.0,0
53350,Operations,region_23,Bachelor's,m,other,1,35,4.0,5,0,,0
22031,Procurement,region_2,Bachelor's,f,other,1,29,4.0,2,0,95.0,1
36185,Technology,region_13,Bachelor's,m,sourcing,1,30,2.0,9,0,79.0,0
58415,Sales & Marketing,region_7,Bachelor's,m,other,1,45,4.0,5,0,50.0,0
71763,Sales & Marketing,region_15,Bachelor's,f,other,1,30,1.0,6,0,47.0,0
62742,Finance,region_32,Bachelor's,m,sourcing,1,28,2.0,4,0,59.0,0
33619,Technology,region_2,Master's & above,m,sourcing,1,46,5.0,10,0,76.0,0
41212,Procurement,region_7,Bachelor's,m,sourcing,1,27,2.0,2,0,69.0,0
40204,Sales & Marketing,region_11,Bachelor's,m,sourcing,1,34,2.0,5,0,47.0,0
59131,Analytics,region_19,Bachelor's,m,sourcing,2,32,5.0,3,0,86.0,0
12559,Operations,region_22,Bachelor's,f,other,1,35,5.0,10,0,63.0,0
30433,Procurement,region_27,Bachelor's,m,other,1,36,4.0,3,0,66.0,0
13150,Procurement,region_2,Master's & above,f,other,1,58,1.0,13,0,70.0,0
9616,Finance,region_31,Bachelor's,m,other,1,29,4.0,4,0,57.0,0
26563,Procurement,region_2,Bachelor's,f,referred,1,33,3.0,3,0,67.0,0
38331,Operations,region_16,Bachelor's,f,other,1,32,5.0,6,0,62.0,0
18651,Legal,region_22,Below Secondary,m,other,1,25,5.0,2,0,59.0,0
45004,Procurement,region_13,Bachelor's,m,other,4,41,2.0,9,0,68.0,0
11892,Procurement,region_12,Bachelor's,f,other,1,25,,1,0,69.0,0
16859,Analytics,region_2,Master's & above,m,other,1,50,1.0,7,1,79.0,0
26107,Sales & Marketing,region_26,Bachelor's,m,other,1,30,1.0,7,0,53.0,0
22511,Technology,region_24,Bachelor's,m,sourcing,1,28,,1,0,81.0,0
22865,Analytics,region_20,Master's & above,m,other,1,40,5.0,5,1,83.0,1
67467,Finance,region_2,Below Secondary,f,other,1,26,3.0,2,0,,0
2268,Technology,region_13,Bachelor's,m,other,1,35,5.0,8,0,81.0,0
33517,Sales & Marketing,region_7,Master's & above,m,other,1,37,3.0,7,0,52.0,0
27605,Operations,region_22,Master's & above,m,other,1,34,3.0,3,0,75.0,1
69349,Operations,region_8,Bachelor's,m,sourcing,1,25,3.0,2,0,57.0,0
45496,Sales & Marketing,region_2,,m,other,1,22,5.0,2,0,62.0,1
66262,Procurement,region_2,Bachelor's,f,other,2,26,5.0,2,0,68.0,1
55425,Technology,region_2,Bachelor's,f,other,1,31,4.0,7,0,80.0,0
29543,Finance,region_2,Bachelor's,m,sourcing,4,31,5.0,3,0,60.0,0
36547,Analytics,region_25,Bachelor's,m,sourcing,1,32,3.0,6,0,86.0,0
11205,Sales & Marketing,region_19,Bachelor's,m,sourcing,1,36,5.0,8,0,48.0,0
469,Technology,region_2,Bachelor's,f,sourcing,1,57,3.0,19,0,81.0,0
44703,Sales & Marketing,region_2,Bachelor's,f,sourcing,1,42,4.0,9,0,51.0,0
14847,Sales & Marketing,region_20,Bachelor's,m,other,1,28,3.0,3,0,48.0,0
43689,Analytics,region_12,Bachelor's,m,sourcing,2,33,4.0,3,0,86.0,0
72157,Analytics,region_2,Bachelor's,m,sourcing,1,41,3.0,3,0,86.0,0
74579,Operations,region_2,Below Secondary,m,other,2,26,,1,0,,0
51544,Procurement,region_12,Bachelor's,f,other,1,32,5.0,5,1,84.0,1
5128,Operations,region_2,,m,other,1,48,3.0,8,0,57.0,0
37952,Operations,region_26,Master's & above,m,other,1,41,3.0,7,0,58.0,0
39914,Technology,region_2,Master's & above,m,other,1,31,5.0,4,0,82.0,0
74332,Sales & Marketing,region_26,Bachelor's,m,other,1,37,4.0,5,0,54.0,0
42886,Analytics,region_29,Bachelor's,m,other,1,30,1.0,4,0,84.0,0
53988,Finance,region_2,Below Secondary,m,other,1,26,5.0,2,0,60.0,0
49775,Sales & Marketing,region_13,Bachelor's,m,sourcing,1,44,5.0,11,0,42.0,0
66965,Operations,region_7,Bachelor's,f,sourcing,1,44,3.0,10,0,60.0,0
70197,R&D,region_22,Master's & above,m,other,1,30,4.0,2,0,96.0,1
66210,Operations,region_22,Below Secondary,m,other,1,24,3.0,2,0,59.0,0
71008,Sales & Marketing,region_27,Bachelor's,m,other,1,40,1.0,10,0,49.0,0
52132,Technology,region_11,Master's & above,m,other,1,32,3.0,5,0,80.0,0
72604,Sales & Marketing,region_2,Bachelor's,m,sourcing,1,40,5.0,7,0,53.0,0
66802,Technology,region_7,Below Secondary,f,other,2,24,4.0,3,0,78.0,0
55730,Sales & Marketing,region_26,Bachelor's,m,other,1,45,4.0,15,0,64.0,1
8284,Sales & Marketing,region_2,Bachelor's,f,other,1,34,5.0,5,0,60.0,1
69715,Operations,region_2,,f,other,1,58,4.0,18,0,60.0,0
36117,Technology,region_24,Bachelor's,m,sourcing,1,35,3.0,7,0,82.0,0
56139,Sales & Marketing,region_16,,m,other,1,24,4.0,2,0,51.0,0
15924,Sales & Marketing,region_23,Bachelor's,m,other,1,35,2.0,8,0,48.0,0
41776,Technology,region_23,Bachelor's,m,sourcing,1,31,1.0,2,0,81.0,0
25949,Operations,region_29,Bachelor's,m,other,1,33,3.0,5,0,60.0,0
51509,HR,region_2,Master's & above,f,sourcing,1,44,3.0,14,0,47.0,0
36936,Sales & Marketing,region_28,,m,other,1,24,2.0,2,0,52.0,1
25572,Procurement,region_2,Bachelor's,m,other,2,34,2.0,10,0,69.0,0
11337,Sales & Marketing,region_22,Bachelor's,m,sourcing,1,37,5.0,2,0,54.0,0
34965,Operations,region_26,Bachelor's,m,other,2,31,3.0,4,0,63.0,0
38318,Procurement,region_19,Bachelor's,m,other,1,32,3.0,8,0,69.0,0
60969,Operations,region_2,Bachelor's,f,other,1,33,5.0,7,0,57.0,0
72765,Operations,region_2,,f,sourcing,1,53,3.0,11,0,57.0,0
16951,Operations,region_22,Bachelor's,m,sourcing,2,37,5.0,4,0,57.0,0
54416,Sales & Marketing,region_15,Bachelor's,m,sourcing,1,30,2.0,5,0,49.0,0
4585,Analytics,region_15,Bachelor's,m,sourcing,1,35,5.0,3,0,81.0,0
64140,Technology,region_11,Bachelor's,m,sourcing,1,32,3.0,4,0,80.0,0
35746,Operations,region_15,Bachelor's,m,sourcing,1,45,3.0,9,0,,0
6587,Procurement,region_13,Bachelor's,m,other,1,29,,1,0,69.0,0
1901,Sales & Marketing,region_4,Bachelor's,m,sourcing,2,31,3.0,4,0,53.0,0
56849,Technology,region_15,Bachelor's,m,sourcing,2,34,3.0,8,0,80.0,0
56233,Analytics,region_22,Bachelor's,f,other,1,24,,1,0,86.0,0
15844,Operations,region_3,Master's & above,f,other,1,31,5.0,7,0,59.0,0
1497,Sales & Marketing,region_10,Master's & above,f,other,1,37,3.0,6,0,47.0,0
11488,Sales & Marketing,region_7,Master's & above,m,other,1,42,3.0,12,0,48.0,0
59616,Procurement,region_4,Master's & above,m,other,1,40,3.0,6,0,72.0,0
9002,Operations,region_2,Bachelor's,m,sourcing,1,37,5.0,5,0,64.0,0
63753,Operations,region_22,Bachelor's,m,other,1,50,3.0,8,0,57.0,0
9192,Operations,region_21,Bachelor's,m,other,1,28,,1,0,,0
30143,HR,region_2,Master's & above,f,referred,1,57,3.0,13,0,53.0,0
23360,Sales & Marketing,region_28,Master's & above,m,other,2,42,2.0,10,0,46.0,0
53301,Operations,region_2,Master's & above,m,sourcing,1,34,3.0,8,0,,0
29073,Operations,region_2,Bachelor's,f,sourcing,1,34,5.0,8,0,54.0,0
36460,Operations,region_13,Bachelor's,m,other,1,29,,1,0,62.0,0
3171,Operations,region_4,Master's & above,f,referred,1,32,4.0,7,0,59.0,0
55062,Operations,region_7,Bachelor's,f,sourcing,1,27,5.0,2,0,,0
64798,Analytics,region_22,Bachelor's,m,other,3,30,,1,0,83.0,0
7908,Technology,region_33,Master's & above,m,other,1,46,3.0,17,0,83.0,0
70048,Sales & Marketing,region_1,Master's & above,m,other,1,37,3.0,10,0,49.0,1
63757,Sales & Marketing,region_2,Bachelor's,f,sourcing,1,48,4.0,13,0,52.0,0
19046,Technology,region_2,Bachelor's,m,other,1,40,5.0,12,0,84.0,0
37427,Technology,region_20,Bachelor's,m,other,1,32,3.0,6,0,73.0,0
58138,Sales & Marketing,region_20,Bachelor's,m,other,1,33,1.0,7,0,48.0,0
68064,Procurement,region_23,Bachelor's,f,other,1,35,3.0,6,0,66.0,0
6711,Sales & Marketing,region_6,,m,sourcing,1,23,3.0,2,0,51.0,0
51002,Analytics,region_15,Master's & above,m,other,1,32,3.0,4,0,86.0,0
5132,Operations,region_2,Bachelor's,m,sourcing,4,31,3.0,6,0,59.0,0
15801,Operations,region_26,Bachelor's,f,other,1,40,4.0,13,0,60.0,0
47265,Procurement,region_2,Master's & above,m,other,1,43,2.0,7,0,70.0,0
26798,Operations,region_32,Master's & above,m,other,1,38,3.0,6,0,60.0,0
72203,Sales & Marketing,region_7,Bachelor's,m,other,1,36,5.0,8,0,49.0,0
46862,Procurement,region_7,Master's & above,m,other,1,49,5.0,20,0,65.0,0
75629,Sales & Marketing,region_22,Bachelor's,f,sourcing,1,32,1.0,4,0,50.0,0
10452,Analytics,region_2,Bachelor's,m,other,2,26,3.0,2,0,91.0,0
37017,Analytics,region_7,Bachelor's,m,sourcing,1,55,3.0,18,0,87.0,0
76427,HR,region_22,Master's & above,f,other,1,35,3.0,5,0,50.0,0
46925,Operations,region_9,Master's & above,f,other,1,36,4.0,6,0,59.0,0
43828,Sales & Marketing,region_30,Bachelor's,m,other,1,29,5.0,4,0,,0
58383,Procurement,region_4,Bachelor's,m,other,1,46,3.0,19,0,72.0,0
20660,R&D,region_27,Bachelor's,m,sourcing,2,30,3.0,4,0,84.0,0
46166,Sales & Marketing,region_2,Bachelor's,m,other,1,51,5.0,19,0,40.0,0
11123,Sales & Marketing,region_29,Master's & above,m,other,1,37,3.0,7,0,54.0,0
67946,Analytics,region_32,,m,other,1,27,3.0,2,0,88.0,0
41763,Sales & Marketing,region_26,,m,other,1,43,1.0,4,0,49.0,0
40628,HR,region_32,Bachelor's,f,other,1,31,3.0,7,0,51.0,0
61482,Operations,region_7,Master's & above,f,sourcing,2,38,4.0,9,0,65.0,0
63083,Sales & Marketing,region_2,Master's & above,f,other,1,43,1.0,10,0,,0
33789,Technology,region_7,Bachelor's,m,sourcing,3,29,3.0,4,0,81.0,0
3540,Technology,region_22,Master's & above,f,sourcing,1,30,3.0,2,0,79.0,0
51292,HR,region_2,Bachelor's,f,other,1,49,5.0,22,0,50.0,0
137,Analytics,region_7,Master's & above,m,other,1,49,4.0,5,0,90.0,0
73204,Sales & Marketing,region_7,Master's & above,m,sourcing,1,36,2.0,5,0,48.0,0
73753,Procurement,region_10,Master's & above,m,sourcing,1,33,1.0,3,0,71.0,0
49737,Sales & Marketing,region_22,Master's & above,m,other,3,52,3.0,25,0,49.0,0
22462,Sales & Marketing,region_32,Bachelor's,f,other,1,29,,1,0,53.0,0
36905,Operations,region_7,Bachelor's,m,other,1,37,3.0,11,0,56.0,0
16004,Finance,region_22,Below Secondary,m,other,1,25,3.0,3,0,,0
10002,HR,region_2,Below Secondary,m,sourcing,1,24,,1,0,52.0,0
43176,Technology,region_7,Master's & above,f,referred,1,37,4.0,13,0,79.0,0
12538,Operations,region_14,Bachelor's,m,other,1,35,5.0,10,0,59.0,1
56140,Technology,region_13,Bachelor's,f,other,1,33,3.0,4,0,76.0,1
71196,Procurement,region_2,Bachelor's,f,sourcing,1,33,5.0,9,0,71.0,0
57893,Technology,region_2,Bachelor's,f,other,1,59,3.0,28,0,78.0,0
5640,Analytics,region_2,Bachelor's,m,sourcing,1,29,,1,0,88.0,0
41208,Operations,region_2,Bachelor's,f,other,1,38,2.0,8,0,59.0,0
55857,Operations,region_2,Bachelor's,m,sourcing,1,48,4.0,13,0,57.0,0
27907,Legal,region_11,Bachelor's,m,other,1,31,3.0,1,0,62.0,0
5933,Technology,region_5,Master's & above,f,sourcing,1,32,1.0,5,0,77.0,0
44678,Procurement,region_22,Bachelor's,m,other,3,24,3.0,2,0,63.0,0
48266,Technology,region_7,Master's & above,m,sourcing,2,37,5.0,5,0,77.0,0
46639,Sales & Marketing,region_7,Bachelor's,f,sourcing,1,32,5.0,8,0,46.0,1
21523,Sales & Marketing,region_4,Bachelor's,m,other,1,31,3.0,2,0,48.0,0
32437,Operations,region_2,Bachelor's,m,sourcing,2,45,3.0,5,1,,0
65689,Sales & Marketing,region_2,Bachelor's,m,other,1,57,5.0,6,0,,0
73819,Operations,region_15,Master's & above,m,other,2,39,2.0,8,0,59.0,0
74019,Procurement,region_2,Master's & above,m,sourcing,1,42,1.0,4,0,70.0,0
76698,Operations,region_7,Bachelor's,f,other,1,45,3.0,4,1,65.0,1
70387,Operations,region_30,Master's & above,m,sourcing,1,41,3.0,3,0,,0
56162,Technology,region_27,Master's & above,f,sourcing,1,41,1.0,11,0,74.0,0
26260,Sales & Marketing,region_24,Master's & above,m,sourcing,1,34,1.0,7,0,50.0,0
53188,Sales & Marketing,region_31,Bachelor's,m,sourcing,1,47,5.0,18,0,52.0,0
34074,Sales & Marketing,region_25,Master's & above,m,sourcing,1,33,5.0,7,0,51.0,0
38934,Operations,region_22,Master's & above,f,sourcing,1,48,3.0,15,0,69.0,1
39799,Operations,region_15,Bachelor's,m,other,1,34,4.0,3,0,60.0,0
40775,Sales & Marketing,region_1,Master's & above,m,other,1,35,5.0,4,0,47.0,0
41928,Analytics,region_1,Master's & above,m,sourcing,1,35,5.0,4,0,84.0,0
31364,Technology,region_15,Bachelor's,f,sourcing,2,26,3.0,2,0,79.0,0
25351,Sales & Marketing,region_14,Master's & above,m,sourcing,1,45,3.0,17,0,49.0,0
72690,Sales & Marketing,region_9,Master's & above,f,sourcing,1,31,3.0,1,0,54.0,0
11666,Sales & Marketing,region_34,Bachelor's,m,sourcing,1,30,5.0,7,0,49.0,0
10167,Sales & Marketing,region_13,Bachelor's,m,sourcing,1,46,1.0,5,0,50.0,0
43399,Operations,region_2,Bachelor's,f,other,1,60,5.0,4,0,56.0,0
72916,Operations,region_27,Bachelor's,m,other,1,44,5.0,11,0,55.0,0
19440,Technology,region_22,Master's & above,m,sourcing,3,35,3.0,3,0,86.0,0
55444,Sales & Marketing,region_22,Bachelor's,m,sourcing,2,33,2.0,6,0,52.0,0
10360,Operations,region_6,Bachelor's,m,sourcing,1,38,4.0,8,0,55.0,0
66637,Technology,region_22,Master's & above,m,sourcing,1,39,3.0,5,0,80.0,0
63026,Sales & Marketing,region_26,Bachelor's,m,other,1,30,3.0,2,0,50.0,0
53981,Operations,region_5,Bachelor's,m,sourcing,1,31,,1,0,65.0,0
66248,Sales & Marketing,region_7,Bachelor's,m,sourcing,1,57,4.0,3,0,50.0,0
73279,Sales & Marketing,region_2,Bachelor's,f,other,1,34,1.0,7,0,50.0,0
57365,Operations,region_2,Bachelor's,m,other,1,38,3.0,4,0,66.0,0
36691,Sales & Marketing,region_14,,m,other,1,24,,1,0,55.0,0
31987,Procurement,region_17,Master's & above,m,other,1,45,3.0,16,0,87.0,1
73265,Sales & Marketing,region_1,Master's & above,m,other,1,40,1.0,11,0,53.0,0
62530,Procurement,region_32,Bachelor's,m,other,2,32,3.0,3,0,70.0,0
52716,Sales & Marketing,region_2,Bachelor's,f,sourcing,2,29,3.0,2,0,48.0,0
12930,Finance,region_2,Bachelor's,f,other,1,39,4.0,11,0,59.0,0
70371,Analytics,region_13,Bachelor's,m,sourcing,1,32,3.0,7,0,80.0,0
32774,Operations,region_2,Master's & above,m,other,2,57,4.0,7,0,58.0,0
78119,Procurement,region_11,Bachelor's,f,other,1,36,3.0,4,0,72.0,0
50338,Sales & Marketing,region_2,Bachelor's,m,other,1,34,1.0,5,0,46.0,0
64630,HR,region_22,Master's & above,f,other,1,33,5.0,7,0,50.0,0
1830,Technology,region_2,Master's & above,m,sourcing,1,39,2.0,4,0,81.0,0
60743,Finance,region_15,Bachelor's,f,sourcing,2,32,4.0,8,0,59.0,0
77734,Technology,region_2,Bachelor's,m,referred,1,31,3.0,6,0,77.0,0
51440,Sales & Marketing,region_22,Bachelor's,m,other,1,31,1.0,7,0,52.0,0
58579,Procurement,region_22,Bachelor's,f,other,1,25,3.0,3,0,68.0,0
38123,Sales & Marketing,region_4,Bachelor's,f,sourcing,1,43,5.0,4,0,50.0,0
57033,Operations,region_2,Bachelor's,m,sourcing,1,25,,1,0,65.0,0
42513,Procurement,region_2,Master's & above,f,other,1,50,1.0,16,0,68.0,0
29146,Operations,region_22,Master's & above,m,other,3,32,3.0,4,0,64.0,1
72935,Finance,region_32,Bachelor's,m,sourcing,1,28,3.0,2,0,59.0,0
16889,Sales & Marketing,region_17,Bachelor's,m,other,1,32,1.0,5,0,51.0,0
6181,Sales & Marketing,region_16,Bachelor's,m,sourcing,1,34,5.0,5,0,49.0,0
9025,Operations,region_16,Bachelor's,m,other,1,30,5.0,4,0,55.0,0
65024,Operations,region_7,Master's & above,f,sourcing,1,33,5.0,6,0,74.0,1
61874,Procurement,region_7,Master's & above,m,sourcing,2,46,4.0,19,0,70.0,0
30900,Sales & Marketing,region_12,Bachelor's,m,sourcing,1,35,4.0,10,0,50.0,1
44381,Operations,region_7,Bachelor's,m,other,1,33,5.0,8,0,59.0,1
805,Operations,region_22,Bachelor's,m,sourcing,1,30,4.0,4,0,59.0,0
10468,Procurement,region_7,Bachelor's,m,sourcing,2,33,5.0,4,0,71.0,0
54127,Sales & Marketing,region_13,Bachelor's,m,other,1,28,4.0,5,0,52.0,0
63027,Technology,region_24,Master's & above,m,other,1,38,3.0,8,0,84.0,0
26944,Sales & Marketing,region_2,Bachelor's,f,sourcing,1,34,2.0,7,0,49.0,1
6788,Sales & Marketing,region_2,,f,other,2,40,,1,0,51.0,0
51318,Procurement,region_31,Bachelor's,f,sourcing,2,30,3.0,5,0,73.0,0
30551,Operations,region_12,Bachelor's,f,sourcing,1,29,2.0,7,0,60.0,0
74141,R&D,region_26,Bachelor's,m,sourcing,1,30,3.0,3,0,83.0,0
16399,Sales & Marketing,region_31,Bachelor's,m,sourcing,1,38,4.0,10,0,50.0,0
10389,Operations,region_7,Bachelor's,m,other,3,40,3.0,11,0,60.0,0
15369,Analytics,region_22,,f,other,1,29,4.0,5,0,86.0,0
41337,HR,region_2,Master's & above,f,sourcing,1,53,4.0,25,0,47.0,0
633,Sales & Marketing,region_17,Bachelor's,f,sourcing,1,26,3.0,2,0,49.0,0
30155,Analytics,region_32,Bachelor's,m,other,2,28,,1,0,82.0,0
59337,Analytics,region_22,Master's & above,m,sourcing,1,26,,1,0,84.0,0
3968,Procurement,region_10,Bachelor's,m,other,1,28,3.0,4,0,65.0,0
1709,HR,region_7,Bachelor's,f,sourcing,1,30,3.0,3,0,51.0,0
1588,Operations,region_15,Master's & above,m,other,1,59,4.0,4,0,56.0,0
573,R&D,region_22,Bachelor's,f,other,1,29,,1,0,86.0,0
24750,Technology,region_14,Bachelor's,m,sourcing,1,31,3.0,4,0,83.0,0
9098,Procurement,region_7,Bachelor's,f,other,1,26,3.0,2,0,69.0,0
41768,Operations,region_19,Master's & above,f,sourcing,1,37,3.0,10,0,62.0,0
43660,Operations,region_8,Bachelor's,f,sourcing,1,25,3.0,1,0,62.0,0
8027,Technology,region_31,Bachelor's,m,other,1,27,2.0,3,0,78.0,0
15774,Operations,region_2,Master's & above,m,sourcing,1,39,4.0,10,0,60.0,0
4857,Analytics,region_28,Bachelor's,m,other,1,36,5.0,3,0,91.0,1
58988,Procurement,region_23,Master's & above,m,other,2,35,5.0,6,0,91.0,1
54550,Technology,region_8,Bachelor's,f,other,1,28,,1,0,81.0,0
31552,Sales & Marketing,region_21,Bachelor's,m,other,1,30,,1,0,50.0,0
76968,Procurement,region_22,Master's & above,m,sourcing,1,37,5.0,9,0,75.0,0
73203,Technology,region_28,Master's & above,m,sourcing,2,35,1.0,9,0,80.0,0
60095,Sales & Marketing,region_28,Master's & above,f,other,1,30,1.0,5,0,54.0,0
6731,R&D,region_29,Bachelor's,m,sourcing,1,30,5.0,1,0,96.0,1
39725,Technology,region_2,Bachelor's,m,other,1,45,4.0,3,0,83.0,0
70021,Procurement,region_23,Master's & above,m,other,1,36,3.0,7,0,71.0,0
22958,Sales & Marketing,region_11,Bachelor's,m,sourcing,1,37,3.0,4,0,50.0,0
21955,Procurement,region_2,Bachelor's,f,sourcing,2,39,3.0,4,0,73.0,0
72984,Operations,region_19,Bachelor's,m,other,1,37,5.0,6,0,59.0,0
63667,Procurement,region_26,Bachelor's,m,other,1,28,,1,0,82.0,1
4147,Procurement,region_22,Master's & above,m,sourcing,1,40,3.0,12,0,70.0,0
28714,Sales & Marketing,region_3,Bachelor's,m,other,1,30,5.0,3,0,52.0,0
51959,Operations,region_31,Master's & above,m,other,1,36,4.0,7,0,56.0,0
68716,Sales & Marketing,region_15,Bachelor's,f,other,1,27,2.0,4,0,57.0,0
30802,Operations,region_11,Bachelor's,f,other,1,29,1.0,4,0,57.0,0
34542,Technology,region_2,Bachelor's,f,sourcing,7,31,3.0,5,0,82.0,0
32970,Procurement,region_22,Master's & above,m,other,1,36,4.0,7,0,67.0,0
10936,Operations,region_12,Bachelor's,m,other,1,30,4.0,4,0,57.0,0
20326,Analytics,region_28,Master's & above,m,other,2,32,3.0,6,0,86.0,0
38445,Sales & Marketing,region_15,Bachelor's,m,sourcing,1,29,5.0,2,0,50.0,0
18621,Sales & Marketing,region_2,Bachelor's,f,other,1,29,,1,0,,0
10345,Sales & Marketing,region_22,Master's & above,m,other,2,38,1.0,8,0,47.0,0
25834,Procurement,region_2,Master's & above,f,other,1,51,3.0,15,0,71.0,0
333,Finance,region_22,Master's & above,m,other,1,32,3.0,8,0,58.0,0
28850,Technology,region_14,Master's & above,f,sourcing,1,36,3.0,5,0,83.0,0
61888,Operations,region_15,Bachelor's,m,sourcing,2,30,5.0,5,0,57.0,0
30928,Finance,region_26,Bachelor's,f,sourcing,1,26,3.0,5,0,56.0,0
21230,R&D,region_7,Bachelor's,m,sourcing,2,32,5.0,3,0,83.0,1
22445,Sales & Marketing,region_30,Bachelor's,m,other,2,26,3.0,3,0,50.0,0
57206,Analytics,region_28,Bachelor's,m,sourcing,1,30,4.0,2,0,83.0,0
57587,Sales & Marketing,region_6,Bachelor's,f,other,1,28,1.0,2,0,50.0,0
29950,Sales & Marketing,region_26,Bachelor's,m,sourcing,1,40,3.0,18,0,55.0,1
1825,Legal,region_2,Bachelor's,m,other,1,33,1.0,6,0,66.0,0
5272,Operations,region_2,Below Secondary,f,sourcing,1,24,,1,0,73.0,1
49389,Legal,region_27,Below Secondary,m,other,1,27,,1,0,59.0,0
66875,Operations,region_29,Bachelor's,m,sourcing,1,30,4.0,2,0,,0
51071,Sales & Marketing,region_4,Master's & above,f,sourcing,1,37,3.0,9,0,44.0,0
62499,Operations,region_2,,f,other,1,33,3.0,9,0,58.0,0
4566,Analytics,region_2,Bachelor's,m,other,2,31,3.0,2,0,84.0,0
77674,Sales & Marketing,region_31,Bachelor's,m,sourcing,1,43,3.0,3,0,48.0,0
70679,Sales & Marketing,region_2,Master's & above,f,other,1,39,1.0,10,0,52.0,1
20516,Sales & Marketing,region_2,,m,other,1,24,3.0,2,1,81.0,1
45145,Procurement,region_4,Master's & above,m,other,1,41,2.0,12,0,71.0,0
45721,R&D,region_4,Master's & above,m,other,1,35,5.0,4,0,85.0,0
52241,Sales & Marketing,region_7,Bachelor's,m,sourcing,1,24,,1,0,49.0,0
23337,Sales & Marketing,region_1,Master's & above,m,sourcing,3,33,2.0,7,0,53.0,0
8386,Sales & Marketing,region_17,Master's & above,m,other,1,35,3.0,3,0,47.0,0
70491,Sales & Marketing,region_15,Bachelor's,m,sourcing,1,30,2.0,8,1,50.0,0
23241,Procurement,region_15,Bachelor's,m,other,1,29,3.0,2,0,68.0,0
54003,Sales & Marketing,region_6,Bachelor's,m,other,1,28,5.0,2,0,50.0,0
24843,Operations,region_2,Master's & above,f,other,1,48,5.0,15,0,,0
35222,Technology,region_2,Bachelor's,m,other,1,31,3.0,3,0,79.0,0
47183,Sales & Marketing,region_1,Bachelor's,m,other,1,26,1.0,3,0,50.0,0
22660,Sales & Marketing,region_27,,m,sourcing,2,24,,1,0,47.0,0
11943,Technology,region_27,Bachelor's,f,referred,1,30,,1,0,76.0,0
57744,Operations,region_8,Master's & above,f,sourcing,1,38,3.0,2,0,,0
29142,Sales & Marketing,region_31,,m,sourcing,1,27,5.0,3,0,49.0,0
15620,Technology,region_2,Master's & above,f,other,1,49,1.0,24,0,77.0,0
44301,Technology,region_11,Bachelor's,f,other,1,32,,1,0,80.0,0
24875,Operations,region_34,Bachelor's,m,other,1,26,,1,0,65.0,0
61614,Sales & Marketing,region_2,Bachelor's,f,other,1,35,5.0,7,0,48.0,0
73393,Finance,region_2,Bachelor's,f,other,2,46,3.0,3,0,59.0,0
27459,Procurement,region_22,Master's & above,m,other,1,34,2.0,6,0,69.0,0
27533,Finance,region_22,Bachelor's,f,sourcing,2,30,1.0,3,0,59.0,0
47584,Procurement,region_2,,f,sourcing,1,53,1.0,11,0,67.0,0
75636,Sales & Marketing,region_4,Master's & above,m,sourcing,1,49,3.0,17,0,48.0,0
18390,Procurement,region_27,Master's & above,f,other,1,35,3.0,5,0,68.0,0
69146,R&D,region_22,Master's & above,m,other,1,34,4.0,4,0,83.0,0
10122,Sales & Marketing,region_30,Bachelor's,m,other,7,26,2.0,5,0,46.0,0
20927,Sales & Marketing,region_1,Bachelor's,m,sourcing,2,29,,1,0,47.0,0
60018,Operations,region_7,Master's & above,f,other,1,37,3.0,4,0,58.0,0
68791,Analytics,region_27,Bachelor's,m,other,2,25,4.0,2,0,80.0,0
25354,Sales & Marketing,region_2,Bachelor's,m,other,1,47,4.0,16,0,48.0,1
3491,Analytics,region_12,Bachelor's,m,sourcing,1,28,2.0,5,0,85.0,0
74687,Sales & Marketing,region_14,Bachelor's,m,other,1,32,5.0,10,0,48.0,0
50049,Procurement,region_19,Bachelor's,m,other,1,34,3.0,4,0,71.0,0
30088,Operations,region_2,,m,sourcing,1,36,4.0,3,0,59.0,0
45140,Legal,region_22,Bachelor's,m,other,1,32,2.0,6,0,59.0,0
35436,Procurement,region_24,Master's & above,m,sourcing,2,32,2.0,5,0,72.0,0
72109,Sales & Marketing,region_8,Bachelor's,m,other,1,29,4.0,3,0,52.0,0
24397,Operations,region_22,Bachelor's,m,other,1,32,4.0,4,1,57.0,1
44154,Sales & Marketing,region_22,Bachelor's,m,other,5,27,3.0,2,0,52.0,0
60571,Sales & Marketing,region_13,Bachelor's,m,other,1,34,5.0,4,0,51.0,0
59722,Sales & Marketing,region_16,Master's & above,f,other,1,36,3.0,8,0,48.0,0
27505,Operations,region_8,Bachelor's,m,sourcing,1,26,5.0,2,0,59.0,0
9072,Sales & Marketing,region_14,Master's & above,m,other,1,33,4.0,3,0,94.0,1
14939,Sales & Marketing,region_27,Master's & above,m,other,1,47,1.0,3,0,,0
13888,Sales & Marketing,region_11,Bachelor's,m,other,1,42,3.0,2,0,48.0,0
44589,Sales & Marketing,region_26,Master's & above,m,other,1,38,1.0,8,0,54.0,0
15024,Technology,region_32,Bachelor's,f,sourcing,4,32,5.0,8,0,93.0,1
57609,Procurement,region_17,Bachelor's,f,other,1,44,3.0,16,0,70.0,0
8470,Sales & Marketing,region_22,Master's & above,m,other,1,33,4.0,5,0,46.0,0
47152,Sales & Marketing,region_26,Bachelor's,m,sourcing,2,27,3.0,3,0,55.0,0
43153,Technology,region_2,Master's & above,m,other,2,50,5.0,14,0,85.0,0
4464,Procurement,region_31,Bachelor's,f,other,2,29,3.0,4,0,71.0,0
17190,Procurement,region_34,Bachelor's,m,other,1,29,5.0,4,0,84.0,1
109,Technology,region_27,,m,sourcing,2,28,3.0,2,0,79.0,0
48753,Analytics,region_2,Bachelor's,m,other,1,44,5.0,7,0,84.0,0
17602,Operations,region_8,Bachelor's,f,other,1,32,4.0,2,0,,0
71562,Analytics,region_28,Master's & above,m,sourcing,2,30,3.0,6,0,83.0,0
70593,Operations,region_21,Bachelor's,m,other,1,37,5.0,4,0,59.0,0
4445,Operations,region_22,Bachelor's,f,sourcing,1,37,3.0,5,0,59.0,0
47038,Sales & Marketing,region_14,Bachelor's,m,sourcing,1,32,1.0,4,0,52.0,0
31070,Procurement,region_23,Bachelor's,m,sourcing,1,36,3.0,2,0,66.0,0
33000,Procurement,region_2,Bachelor's,f,other,2,34,3.0,4,0,62.0,0
20974,Finance,region_8,Bachelor's,f,other,1,30,3.0,3,0,65.0,0
64764,Technology,region_2,Bachelor's,m,sourcing,1,26,,1,1,81.0,1
38060,Sales & Marketing,region_29,Master's & above,m,sourcing,1,31,1.0,2,0,51.0,0
40172,Technology,region_2,Bachelor's,m,referred,1,41,5.0,7,0,83.0,0
36808,Operations,region_2,Master's & above,m,sourcing,1,33,2.0,7,0,57.0,0
9763,Operations,region_20,Bachelor's,m,other,1,25,4.0,3,0,58.0,0
76038,Operations,region_7,Bachelor's,f,sourcing,1,39,3.0,6,0,58.0,0
71813,Procurement,region_12,Bachelor's,f,sourcing,1,31,3.0,6,0,70.0,0
42426,Technology,region_2,Master's & above,f,sourcing,1,56,2.0,16,0,79.0,0
61602,Sales & Marketing,region_14,Bachelor's,m,other,1,30,1.0,3,0,50.0,0
48737,Operations,region_4,Bachelor's,m,other,2,29,5.0,5,0,63.0,1
65518,Sales & Marketing,region_9,Master's & above,m,sourcing,1,31,4.0,3,0,50.0,0
70606,R&D,region_31,Master's & above,m,sourcing,2,28,4.0,2,0,82.0,0
7717,Analytics,region_20,Bachelor's,m,other,2,30,2.0,3,0,82.0,0
68386,Analytics,region_11,Bachelor's,m,sourcing,1,30,1.0,2,0,84.0,0
51891,Procurement,region_7,Bachelor's,f,other,1,29,4.0,6,0,65.0,0
36931,Operations,region_19,Bachelor's,f,other,1,31,3.0,3,0,60.0,0
60567,Analytics,region_25,Bachelor's,m,other,1,30,3.0,6,0,84.0,1
22820,Procurement,region_2,Bachelor's,m,sourcing,1,26,,1,0,72.0,0
11028,Operations,region_16,Bachelor's,m,sourcing,1,44,5.0,4,0,60.0,0
6425,Procurement,region_24,Master's & above,f,other,1,31,1.0,6,0,70.0,0
13047,Technology,region_33,Bachelor's,f,other,1,35,4.0,3,0,77.0,0
63491,Procurement,region_23,Master's & above,m,other,1,41,3.0,3,0,73.0,0
44748,Sales & Marketing,region_25,Bachelor's,m,other,1,33,5.0,7,0,47.0,0
32186,Technology,region_31,Bachelor's,m,sourcing,1,33,5.0,4,0,81.0,0
55275,Operations,region_2,Below Secondary,m,sourcing,1,26,5.0,3,0,60.0,0
48682,Sales & Marketing,region_13,Bachelor's,m,sourcing,1,47,4.0,19,0,48.0,0
74930,Sales & Marketing,region_11,Bachelor's,m,sourcing,1,28,5.0,5,0,51.0,0
45051,Sales & Marketing,region_13,Bachelor's,m,other,1,32,1.0,5,0,52.0,0
24675,Sales & Marketing,region_24,Bachelor's,m,other,1,36,3.0,10,0,50.0,0
28572,Procurement,region_7,Master's & above,f,other,2,39,3.0,5,0,68.0,0
38163,Technology,region_7,Bachelor's,f,other,1,29,5.0,2,0,81.0,0
65257,Sales & Marketing,region_2,,m,sourcing,3,45,3.0,6,0,47.0,0
14988,Operations,region_2,Bachelor's,m,sourcing,1,48,2.0,4,0,58.0,0
12936,HR,region_2,Bachelor's,m,other,2,32,3.0,5,0,49.0,0
58180,Operations,region_2,Bachelor's,f,other,1,39,2.0,5,0,63.0,0
20295,Operations,region_2,Master's & above,m,other,1,53,4.0,19,0,57.0,0
71073,Sales & Marketing,region_22,Bachelor's,m,other,1,42,3.0,4,0,53.0,0
2221,Finance,region_2,Master's & above,f,other,2,35,5.0,4,0,59.0,0
47279,Analytics,region_34,Bachelor's,m,sourcing,1,30,1.0,4,0,82.0,0
40019,Analytics,region_27,,m,other,1,31,4.0,6,0,86.0,0
50781,Operations,region_8,Bachelor's,m,other,1,26,5.0,3,0,56.0,0
64947,Sales & Marketing,region_7,Bachelor's,m,other,1,35,5.0,3,1,,1
31258,Sales & Marketing,region_7,Bachelor's,m,sourcing,1,45,1.0,5,0,52.0,0
11796,Procurement,region_27,Bachelor's,m,sourcing,5,37,3.0,9,0,64.0,0
69912,Operations,region_2,Bachelor's,f,other,1,42,5.0,10,0,59.0,0
38974,Sales & Marketing,region_7,Master's & above,m,other,1,43,5.0,14,0,50.0,0
39544,Operations,region_11,Bachelor's,m,other,1,27,5.0,2,0,58.0,0
5303,Sales & Marketing,region_34,Bachelor's,m,other,1,26,,1,0,48.0,0
14189,Sales & Marketing,region_15,Master's & above,m,sourcing,1,38,1.0,10,0,50.0,0
35644,Analytics,region_9,Master's & above,m,other,1,31,4.0,5,0,82.0,0
23232,Operations,region_15,Bachelor's,f,sourcing,1,30,2.0,2,0,64.0,0
28851,Procurement,region_2,,f,sourcing,1,37,4.0,11,0,70.0,0
8174,Sales & Marketing,region_16,Master's & above,m,other,1,35,1.0,4,0,48.0,0
72379,Operations,region_7,Master's & above,f,sourcing,2,38,5.0,4,0,63.0,0
7814,R&D,region_22,Bachelor's,m,sourcing,3,30,5.0,2,0,85.0,0
54321,Technology,region_7,Bachelor's,m,sourcing,1,30,,1,0,78.0,1
17873,Sales & Marketing,region_30,Bachelor's,m,sourcing,2,28,3.0,2,0,52.0,0
32272,Operations,region_13,Master's & above,m,other,1,42,4.0,7,0,59.0,0
31847,Procurement,region_22,Bachelor's,m,sourcing,1,33,2.0,7,0,68.0,0
11855,Sales & Marketing,region_11,Master's & above,m,other,1,39,4.0,4,0,,0
70961,Sales & Marketing,region_7,,m,sourcing,1,33,2.0,7,0,49.0,0
32378,Technology,region_13,Master's & above,f,other,1,43,4.0,6,0,81.0,0
45064,Operations,region_14,Bachelor's,f,sourcing,1,30,4.0,7,0,59.0,0
28533,Analytics,region_15,Master's & above,m,sourcing,1,37,3.0,3,0,85.0,0
1412,Technology,region_31,Bachelor's,m,other,1,33,4.0,6,1,81.0,0
15311,Sales & Marketing,region_1,Master's & above,m,sourcing,1,38,5.0,10,0,49.0,0
43786,Analytics,region_22,Bachelor's,f,sourcing,2,27,3.0,3,0,85.0,1
13825,Operations,region_22,Bachelor's,f,sourcing,1,24,5.0,2,0,55.0,0
36207,Operations,region_16,Bachelor's,f,sourcing,1,35,2.0,10,0,58.0,0
18293,Operations,region_2,Master's & above,m,other,2,42,5.0,2,0,57.0,0
21794,Sales & Marketing,region_28,Master's & above,m,other,1,32,3.0,7,0,53.0,0
11349,Sales & Marketing,region_26,Bachelor's,m,other,2,25,3.0,2,0,,0
65504,Procurement,region_2,Master's & above,f,other,1,35,5.0,6,0,67.0,0
73508,Technology,region_2,Master's & above,f,sourcing,1,54,3.0,24,0,75.0,0
68754,Sales & Marketing,region_32,Bachelor's,m,other,1,33,2.0,3,0,,0
6099,Sales & Marketing,region_22,,f,sourcing,1,27,,1,0,48.0,0
38634,Analytics,region_31,Bachelor's,m,other,2,28,3.0,2,0,86.0,1
38271,HR,region_23,Master's & above,f,other,1,36,3.0,8,0,44.0,0
53405,Procurement,region_2,Master's & above,f,other,3,51,3.0,7,0,72.0,0
77609,Operations,region_11,Bachelor's,f,sourcing,2,31,3.0,2,0,57.0,0
22580,Sales & Marketing,region_26,Bachelor's,m,other,2,25,1.0,4,0,47.0,0
43497,HR,region_2,Master's & above,m,sourcing,1,45,3.0,3,0,51.0,0
14781,Finance,region_7,Bachelor's,m,sourcing,1,31,3.0,4,0,64.0,0
14576,HR,region_14,Bachelor's,m,other,1,39,3.0,11,0,53.0,0
45407,Procurement,region_15,Bachelor's,f,other,1,39,4.0,5,0,73.0,0
3124,Procurement,region_26,Bachelor's,f,other,1,25,2.0,2,0,66.0,0
70800,Operations,region_4,Master's & above,f,sourcing,1,37,5.0,8,1,99.0,1
35493,Technology,region_20,Bachelor's,m,other,1,29,5.0,3,0,80.0,0
25396,Sales & Marketing,region_6,Bachelor's,m,other,1,27,1.0,5,0,52.0,0
5283,Operations,region_2,Bachelor's,m,other,1,27,4.0,3,0,59.0,0
10067,Sales & Marketing,region_11,Bachelor's,m,other,1,47,4.0,6,0,51.0,0
46585,Finance,region_2,Master's & above,m,sourcing,1,36,4.0,3,0,55.0,0
3225,Operations,region_8,Bachelor's,m,other,1,35,5.0,9,0,58.0,0
55264,Sales & Marketing,region_8,Bachelor's,m,sourcing,1,35,3.0,8,0,51.0,0
22333,Technology,region_2,Bachelor's,f,sourcing,2,32,3.0,5,0,82.0,0
63955,Sales & Marketing,region_23,Bachelor's,m,sourcing,1,26,,1,0,47.0,0
69334,Finance,region_28,Master's & above,m,other,1,33,3.0,3,1,60.0,1
4310,Sales & Marketing,region_10,Master's & above,f,sourcing,1,32,2.0,5,0,56.0,0
45756,Procurement,region_19,Bachelor's,m,other,1,41,5.0,4,0,73.0,0
10377,Sales & Marketing,region_22,,m,sourcing,1,26,4.0,2,0,53.0,0
35903,Finance,region_13,Master's & above,m,sourcing,1,40,5.0,4,0,58.0,0
50163,Operations,region_3,Bachelor's,f,sourcing,1,31,3.0,4,0,55.0,0
25255,Technology,region_7,Bachelor's,m,other,1,25,3.0,2,0,78.0,0
21623,Legal,region_2,Master's & above,m,other,1,58,3.0,15,0,60.0,0
701,Sales & Marketing,region_32,Bachelor's,f,other,1,27,1.0,4,0,53.0,0
3440,Sales & Marketing,region_27,Bachelor's,m,other,1,29,5.0,5,0,52.0,0
68280,Sales & Marketing,region_22,Bachelor's,m,sourcing,2,33,4.0,8,0,46.0,0
69785,HR,region_2,Bachelor's,f,other,1,28,,1,0,43.0,0
69847,Operations,region_26,Bachelor's,f,other,1,32,4.0,2,0,59.0,0
49317,Finance,region_7,Master's & above,f,sourcing,1,36,5.0,2,0,57.0,0
1159,Procurement,region_2,Master's & above,f,other,1,37,3.0,3,0,72.0,0
19141,HR,region_32,Bachelor's,m,other,1,30,5.0,7,0,51.0,0
14262,Technology,region_23,Master's & above,m,sourcing,1,43,2.0,7,0,77.0,0
44397,Technology,region_29,Master's & above,f,other,1,31,3.0,5,0,81.0,0
32925,R&D,region_31,Master's & above,m,other,2,34,4.0,4,0,86.0,0
54216,Operations,region_2,Bachelor's,m,sourcing,1,45,4.0,18,0,,0
2732,Analytics,region_22,Master's & above,m,other,2,30,3.0,6,0,80.0,0
70028,Analytics,region_15,Bachelor's,m,sourcing,3,39,3.0,6,0,84.0,0
15431,Technology,region_17,Master's & above,m,other,1,34,5.0,5,0,81.0,0
36487,Technology,region_15,Master's & above,m,other,1,36,2.0,8,0,86.0,0
68345,Technology,region_26,Bachelor's,m,sourcing,1,25,4.0,3,0,80.0,0
11310,Sales & Marketing,region_32,Bachelor's,m,sourcing,1,28,4.0,4,0,,0
5366,Finance,region_12,Bachelor's,m,other,1,31,2.0,5,0,60.0,0
73314,Procurement,region_2,Master's & above,f,other,1,49,5.0,7,0,73.0,0
11811,Technology,region_7,Master's & above,f,other,1,39,4.0,4,0,78.0,1
34277,Sales & Marketing,region_31,Bachelor's,m,sourcing,1,49,3.0,19,0,50.0,0
48381,Procurement,region_22,Master's & above,f,sourcing,1,37,3.0,9,0,67.0,0
5108,Technology,region_26,Bachelor's,f,sourcing,1,38,2.0,5,0,79.0,0
77379,Operations,region_2,Bachelor's,m,other,1,38,4.0,10,0,59.0,0
3144,Sales & Marketing,region_22,Master's & above,m,sourcing,1,44,1.0,9,0,54.0,0
69095,Technology,region_22,Bachelor's,m,referred,1,30,4.0,2,0,84.0,0
26952,Analytics,region_13,Master's & above,m,other,1,34,2.0,6,0,86.0,0
36231,Finance,region_2,Below Secondary,m,sourcing,2,25,,1,0,60.0,0
34336,Operations,region_2,Master's & above,f,sourcing,2,34,5.0,7,0,,0
9431,Technology,region_22,Master's & above,f,sourcing,1,35,1.0,4,0,81.0,0
21346,Procurement,region_17,Bachelor's,f,other,1,38,2.0,4,0,65.0,0
49690,Procurement,region_26,Bachelor's,f,other,1,40,3.0,7,0,68.0,0
72435,Legal,region_2,Bachelor's,f,other,1,52,3.0,4,1,55.0,0
23578,Sales & Marketing,region_7,Bachelor's,m,sourcing,1,60,2.0,12,0,48.0,0
41187,Sales & Marketing,region_27,Bachelor's,m,sourcing,6,27,,1,0,58.0,0
354,Operations,region_22,Bachelor's,m,other,1,32,2.0,5,0,62.0,0
58828,HR,region_26,Bachelor's,m,other,1,28,2.0,2,0,52.0,1
61780,Sales & Marketing,region_9,Bachelor's,m,sourcing,1,28,1.0,3,0,52.0,0
7340,Operations,region_2,Master's & above,f,sourcing,2,51,5.0,16,0,62.0,0
41693,Sales & Marketing,region_2,Master's & above,m,sourcing,1,33,4.0,5,0,49.0,0
28187,Sales & Marketing,region_28,Master's & above,f,other,1,31,3.0,1,0,47.0,0
66834,Sales & Marketing,region_28,Bachelor's,m,other,1,26,2.0,3,0,54.0,0
60503,Sales & Marketing,region_29,Bachelor's,m,other,1,30,,1,0,47.0,0
8698,Operations,region_13,Bachelor's,f,sourcing,1,29,5.0,2,0,60.0,0
17176,Finance,region_6,Bachelor's,m,sourcing,3,31,4.0,3,0,65.0,0
29130,Operations,region_22,Bachelor's,m,sourcing,1,43,2.0,11,0,57.0,0
31275,Sales & Marketing,region_27,Bachelor's,m,sourcing,1,32,1.0,6,0,47.0,0
27190,Operations,region_7,Bachelor's,m,sourcing,1,33,3.0,4,0,74.0,1
31822,Sales & Marketing,region_31,Bachelor's,m,sourcing,1,30,1.0,3,0,48.0,0
34642,Sales & Marketing,region_2,,m,sourcing,1,23,,1,0,44.0,0
38439,Procurement,region_2,,f,sourcing,1,28,3.0,4,0,68.0,0
43073,HR,region_2,Master's & above,f,sourcing,1,43,5.0,11,0,51.0,0
58428,Operations,region_2,Bachelor's,m,other,1,44,4.0,15,0,55.0,0
64448,Analytics,region_22,Master's & above,f,other,1,33,3.0,2,0,84.0,0
15747,Sales & Marketing,region_29,Bachelor's,m,other,1,31,2.0,7,0,50.0,0
61038,Sales & Marketing,region_5,Master's & above,m,other,1,37,1.0,10,0,48.0,0
8229,Technology,region_7,Bachelor's,f,other,2,32,3.0,6,0,79.0,0
70844,Technology,region_16,Bachelor's,f,sourcing,1,37,3.0,11,0,79.0,0
26756,Sales & Marketing,region_27,Master's & above,m,sourcing,1,37,3.0,5,0,49.0,0
49548,Sales & Marketing,region_25,Bachelor's,m,other,1,28,,1,0,46.0,0
7348,Operations,region_4,Master's & above,m,sourcing,2,35,3.0,9,0,56.0,0
26805,Operations,region_32,Bachelor's,m,other,1,36,4.0,3,0,74.0,1
73742,Technology,region_7,Bachelor's,m,sourcing,2,39,3.0,5,0,78.0,0
58616,Operations,region_20,Bachelor's,f,other,1,30,5.0,5,0,56.0,0
12976,Operations,region_4,Bachelor's,f,other,1,26,3.0,5,0,60.0,0
32563,Sales & Marketing,region_22,Bachelor's,m,other,1,27,3.0,3,0,51.0,0
52952,Analytics,region_22,Bachelor's,m,referred,1,32,3.0,3,1,78.0,1
36491,Operations,region_26,Bachelor's,m,other,1,42,3.0,12,0,55.0,0
21474,Analytics,region_20,Bachelor's,m,sourcing,1,30,,1,0,84.0,0
33441,R&D,region_4,Bachelor's,m,sourcing,1,35,5.0,7,0,89.0,0
26205,Technology,region_27,Bachelor's,m,other,1,28,2.0,2,0,79.0,0
54395,HR,region_2,Bachelor's,f,sourcing,1,27,5.0,5,0,46.0,0
645,Operations,region_7,Master's & above,f,sourcing,1,38,3.0,9,0,62.0,0
68530,Operations,region_9,,m,sourcing,1,27,3.0,2,0,65.0,0
48281,Operations,region_15,Master's & above,m,sourcing,1,43,2.0,3,0,59.0,0
22848,Sales & Marketing,region_2,Master's & above,f,sourcing,1,34,5.0,9,0,49.0,0
37822,Technology,region_2,Master's & above,m,other,1,38,3.0,8,0,77.0,0
41650,Operations,region_27,Bachelor's,f,sourcing,1,25,1.0,2,0,57.0,0
604,Technology,region_26,Bachelor's,m,other,1,35,1.0,6,0,77.0,1
3290,Sales & Marketing,region_34,Bachelor's,m,sourcing,1,29,1.0,5,0,48.0,0
51109,Sales & Marketing,region_26,Bachelor's,m,other,1,40,1.0,6,0,55.0,0
4616,Technology,region_27,Bachelor's,f,sourcing,1,35,1.0,4,0,83.0,0
16149,Analytics,region_22,Bachelor's,m,other,1,34,3.0,3,0,89.0,1
39486,Procurement,region_2,Bachelor's,f,sourcing,1,37,1.0,2,0,64.0,0
52062,R&D,region_11,Master's & above,m,sourcing,1,29,3.0,2,0,84.0,0
15240,Technology,region_8,Master's & above,m,other,1,39,1.0,8,0,77.0,0
44620,Procurement,region_17,Bachelor's,m,sourcing,1,50,3.0,8,0,71.0,0
36260,HR,region_22,Bachelor's,f,sourcing,1,25,5.0,2,0,47.0,0
495,Sales & Marketing,region_27,Bachelor's,m,other,1,40,2.0,10,0,49.0,0
20877,Sales & Marketing,region_4,Bachelor's,f,other,1,30,3.0,8,0,50.0,1
46802,Procurement,region_20,Bachelor's,f,other,1,33,2.0,3,0,69.0,1
57617,Procurement,region_28,Bachelor's,f,other,1,32,3.0,3,0,70.0,0
58022,Technology,region_22,Master's & above,m,sourcing,1,39,2.0,7,0,78.0,0
38042,Operations,region_4,Bachelor's,m,other,1,52,4.0,10,0,60.0,0
14067,Procurement,region_7,Bachelor's,f,other,1,29,5.0,4,0,72.0,1
76377,Operations,region_2,Bachelor's,m,sourcing,1,48,5.0,17,0,58.0,0
61192,Technology,region_16,Bachelor's,m,other,2,38,1.0,8,0,81.0,0
40611,Sales & Marketing,region_26,Bachelor's,m,other,1,44,3.0,10,0,49.0,0
44100,Sales & Marketing,region_7,Master's & above,m,sourcing,1,42,5.0,11,0,54.0,1
66950,Sales & Marketing,region_2,,m,other,1,29,4.0,2,0,47.0,0
396,Procurement,region_4,Master's & above,f,other,1,34,4.0,7,0,70.0,0
74313,Sales & Marketing,region_30,Master's & above,m,other,1,39,4.0,8,0,47.0,0
21865,Sales & Marketing,region_2,Master's & above,f,sourcing,1,38,2.0,8,0,51.0,0
3116,Technology,region_33,Bachelor's,m,other,1,47,3.0,16,0,80.0,0
3473,Operations,region_16,Bachelor's,m,other,1,29,3.0,3,0,66.0,0
35975,Sales & Marketing,region_2,Bachelor's,f,sourcing,1,36,2.0,7,0,50.0,0
35722,Technology,region_2,Bachelor's,m,sourcing,1,29,1.0,6,0,77.0,0
47118,HR,region_2,Master's & above,m,other,1,34,3.0,7,0,55.0,0
62522,Sales & Marketing,region_2,Bachelor's,m,sourcing,1,28,,1,0,47.0,0
53497,Technology,region_26,Bachelor's,m,other,2,27,3.0,1,0,77.0,0
77337,HR,region_6,Bachelor's,m,other,1,29,1.0,3,0,51.0,0
31700,Procurement,region_17,Master's & above,f,other,1,36,3.0,4,0,81.0,1
22486,Sales & Marketing,region_14,Bachelor's,f,sourcing,1,29,4.0,3,0,52.0,0
74603,Analytics,region_22,Bachelor's,m,sourcing,2,28,,1,0,89.0,0
2367,Analytics,region_13,Bachelor's,m,other,1,26,3.0,4,0,85.0,0
31495,Procurement,region_2,Below Secondary,f,other,3,22,,1,0,66.0,0
61087,Analytics,region_15,Master's & above,m,other,3,35,5.0,3,0,86.0,0
21568,Technology,region_2,Bachelor's,f,referred,1,49,5.0,6,0,80.0,0
12721,Technology,region_22,Bachelor's,m,sourcing,1,33,5.0,2,0,79.0,0
47809,Sales & Marketing,region_2,Bachelor's,m,referred,1,30,,1,0,50.0,0
63126,Operations,region_22,Master's & above,m,other,1,43,4.0,3,0,59.0,0
53147,Sales & Marketing,region_4,Bachelor's,m,other,1,44,4.0,12,0,50.0,0
8926,Sales & Marketing,region_31,,m,sourcing,1,25,4.0,3,0,47.0,0
35744,Sales & Marketing,region_28,,m,other,1,25,4.0,3,0,64.0,1
49438,Sales & Marketing,region_2,Bachelor's,m,other,3,53,3.0,12,0,50.0,0
58990,Operations,region_26,Master's & above,m,other,1,36,3.0,9,0,62.0,0
8245,Procurement,region_7,Master's & above,f,sourcing,2,50,5.0,13,0,69.0,0
73359,Sales & Marketing,region_11,Bachelor's,m,sourcing,1,31,4.0,4,0,48.0,0
33382,Sales & Marketing,region_22,Bachelor's,m,other,2,36,1.0,4,0,49.0,0
63931,Sales & Marketing,region_22,Bachelor's,m,sourcing,1,24,1.0,2,0,48.0,0
71831,R&D,region_4,Master's & above,m,other,1,32,5.0,5,0,78.0,0
70222,Sales & Marketing,region_2,Bachelor's,f,sourcing,1,51,1.0,13,0,51.0,0
34877,Analytics,region_29,Bachelor's,m,sourcing,1,29,5.0,3,0,87.0,0
25881,Finance,region_4,Bachelor's,m,sourcing,1,29,,1,0,55.0,0
24309,Legal,region_2,Bachelor's,f,other,1,32,,1,0,63.0,0
54981,Operations,region_15,Bachelor's,f,other,2,42,5.0,5,0,,1
63754,Analytics,region_31,,m,other,1,26,5.0,2,0,87.0,0
45323,Procurement,region_21,Bachelor's,m,sourcing,3,43,5.0,2,0,70.0,0
51739,Analytics,region_22,Bachelor's,m,other,1,31,3.0,4,0,85.0,0
30028,Procurement,region_2,Bachelor's,f,other,1,46,1.0,5,0,68.0,0
47808,Sales & Marketing,region_4,Bachelor's,m,other,1,38,4.0,6,0,46.0,0
65957,Sales & Marketing,region_7,Bachelor's,m,sourcing,2,33,4.0,7,0,51.0,0
70386,Operations,region_17,Bachelor's,m,sourcing,1,33,5.0,3,0,63.0,0
53048,Analytics,region_31,,m,other,1,27,,1,0,91.0,0
27292,Analytics,region_2,Bachelor's,f,other,1,30,4.0,5,0,91.0,0
4733,Technology,region_16,Bachelor's,f,other,2,28,3.0,3,0,82.0,0
12469,Procurement,region_15,Bachelor's,m,other,1,44,5.0,5,0,72.0,0
21782,Operations,region_14,Bachelor's,m,other,2,37,3.0,3,0,,0
31205,Operations,region_2,,f,sourcing,1,37,3.0,9,0,,0
15463,Technology,region_2,Bachelor's,f,sourcing,1,50,3.0,23,0,80.0,0
43446,Technology,region_17,Bachelor's,m,other,1,36,4.0,5,0,78.0,1
47275,Sales & Marketing,region_18,Bachelor's,m,other,1,28,3.0,2,0,47.0,0
33152,Analytics,region_7,Bachelor's,m,other,3,28,5.0,5,0,80.0,0
76654,Finance,region_22,Bachelor's,f,other,1,28,5.0,5,0,57.0,0
35011,Sales & Marketing,region_22,Bachelor's,m,sourcing,1,27,,1,0,47.0,0
7977,Legal,region_2,Bachelor's,m,sourcing,1,30,,1,0,63.0,0
66052,Operations,region_7,Bachelor's,f,other,2,43,4.0,5,0,62.0,0
34124,Technology,region_13,Bachelor's,m,other,1,49,3.0,16,0,78.0,0
77800,Sales & Marketing,region_29,Bachelor's,m,sourcing,1,35,3.0,10,0,49.0,0
66596,Sales & Marketing,region_25,,m,other,1,26,,1,0,51.0,0
62981,Sales & Marketing,region_30,Bachelor's,m,other,1,33,3.0,8,0,48.0,0
77405,Operations,region_7,Master's & above,m,sourcing,1,35,5.0,9,0,65.0,0
22628,Technology,region_16,Master's & above,f,other,1,39,3.0,10,0,81.0,0
72780,Technology,region_7,Master's & above,m,other,1,34,4.0,3,0,81.0,0
24725,Analytics,region_15,Bachelor's,m,sourcing,1,36,5.0,5,0,79.0,0
71493,Technology,region_2,Bachelor's,m,sourcing,2,44,5.0,7,0,78.0,0
47127,Analytics,region_34,Bachelor's,m,other,1,29,3.0,3,0,87.0,0
22514,Sales & Marketing,region_13,Master's & above,m,sourcing,1,47,5.0,11,0,50.0,0
33769,Technology,region_4,Bachelor's,m,other,1,30,5.0,3,0,77.0,1
8865,Sales & Marketing,region_4,Bachelor's,m,other,1,40,3.0,4,0,52.0,0
47490,Operations,region_7,Master's & above,f,sourcing,1,47,3.0,20,0,63.0,0
28656,Sales & Marketing,region_31,Bachelor's,m,sourcing,2,27,4.0,4,0,48.0,0
42189,Operations,region_7,Bachelor's,f,other,1,46,3.0,8,0,57.0,0
27247,Sales & Marketing,region_2,Bachelor's,m,sourcing,1,55,5.0,5,0,53.0,0
59148,Sales & Marketing,region_17,Bachelor's,m,other,1,40,1.0,10,0,48.0,0
49815,Sales & Marketing,region_7,,m,other,1,40,3.0,4,0,52.0,0
14961,Technology,region_13,Bachelor's,m,sourcing,1,28,3.0,5,0,77.0,0
64194,Procurement,region_2,Bachelor's,f,other,1,40,5.0,11,0,73.0,0
8828,Analytics,region_7,Bachelor's,m,other,2,32,3.0,7,0,85.0,0
75820,Sales & Marketing,region_10,Master's & above,m,other,1,53,3.0,14,0,51.0,0
64730,Sales & Marketing,region_29,Bachelor's,m,other,1,33,1.0,4,0,50.0,0
18409,Analytics,region_28,Bachelor's,m,sourcing,3,28,,1,0,78.0,0
60659,Sales & Marketing,region_22,Bachelor's,m,sourcing,1,45,4.0,12,0,47.0,0
18637,Operations,region_13,Bachelor's,f,other,2,30,3.0,5,0,53.0,0
29215,Sales & Marketing,region_13,Bachelor's,m,other,1,32,5.0,8,0,51.0,0
20766,Analytics,region_7,Bachelor's,m,sourcing,2,32,3.0,6,0,84.0,0
26801,Technology,region_14,Bachelor's,f,other,1,41,3.0,5,0,75.0,0
35433,Procurement,region_2,Bachelor's,f,other,1,46,4.0,16,0,74.0,0
36420,Procurement,region_22,Bachelor's,m,sourcing,1,28,,1,0,72.0,0
15756,Analytics,region_2,Bachelor's,m,sourcing,1,39,4.0,9,0,81.0,0
45663,Operations,region_4,Master's & above,m,other,1,37,3.0,4,0,56.0,0
28674,Procurement,region_15,Master's & above,m,other,1,37,3.0,7,0,70.0,0
58227,Sales & Marketing,region_22,Bachelor's,m,sourcing,1,36,4.0,4,0,54.0,0
31260,Technology,region_13,Master's & above,m,other,1,53,4.0,17,0,81.0,0
72069,Technology,region_26,Bachelor's,m,sourcing,1,30,1.0,3,0,77.0,0
27470,Legal,region_34,Bachelor's,m,other,1,27,3.0,3,0,63.0,0
6751,Sales & Marketing,region_28,Master's & above,m,other,1,36,3.0,2,0,,1
9055,Operations,region_2,Bachelor's,f,other,1,47,3.0,17,0,55.0,0
63769,Operations,region_23,Master's & above,f,other,1,41,5.0,13,0,62.0,0
64022,Operations,region_22,Below Secondary,m,other,1,25,3.0,3,0,55.0,0
25561,Technology,region_14,Master's & above,f,sourcing,1,34,3.0,8,0,78.0,0
5153,Analytics,region_29,Bachelor's,m,sourcing,1,33,1.0,2,0,87.0,0
72086,Analytics,region_31,Bachelor's,m,other,4,37,3.0,12,0,83.0,0
54208,Sales & Marketing,region_15,,m,other,1,36,4.0,4,0,51.0,0
47102,Operations,region_29,Bachelor's,m,other,1,40,4.0,5,0,54.0,0
38355,Operations,region_7,Bachelor's,m,other,1,46,4.0,5,0,62.0,0
73959,HR,region_2,Below Secondary,f,sourcing,1,20,,1,0,47.0,0
66032,Analytics,region_2,Bachelor's,m,other,2,37,3.0,3,0,82.0,0
63455,Finance,region_15,Master's & above,m,other,1,35,3.0,4,0,63.0,0
36293,Technology,region_26,Master's & above,m,sourcing,1,39,5.0,5,0,77.0,0
44592,R&D,region_2,Bachelor's,m,sourcing,1,35,3.0,7,0,86.0,0
77608,Operations,region_1,Bachelor's,f,sourcing,1,36,5.0,8,0,53.0,0
46849,Sales & Marketing,region_3,Bachelor's,m,other,1,32,5.0,5,0,47.0,1
59614,Sales & Marketing,region_25,Bachelor's,m,other,1,27,,1,0,53.0,0
34529,Technology,region_13,Bachelor's,m,other,1,26,4.0,2,0,78.0,0
6428,Sales & Marketing,region_13,Bachelor's,m,sourcing,1,32,1.0,5,0,50.0,0
51366,Analytics,region_30,Bachelor's,m,other,1,26,5.0,2,0,82.0,0
61405,Technology,region_2,Master's & above,m,other,1,41,5.0,7,0,75.0,0
12122,HR,region_32,Bachelor's,f,sourcing,1,29,3.0,5,0,50.0,0
16458,Operations,region_4,Bachelor's,f,sourcing,1,39,5.0,9,0,,1
986,Technology,region_26,Bachelor's,f,sourcing,1,26,,1,0,79.0,0
60410,Technology,region_15,Bachelor's,f,other,1,31,3.0,5,0,82.0,0
63152,Operations,region_27,Bachelor's,f,other,2,29,5.0,5,0,58.0,0
75043,Operations,region_34,Bachelor's,m,other,1,31,3.0,6,0,58.0,0
30185,Sales & Marketing,region_30,Master's & above,m,other,3,44,1.0,7,0,40.0,0
45724,Technology,region_2,Master's & above,f,sourcing,1,39,3.0,9,0,78.0,0
37445,Sales & Marketing,region_31,Master's & above,m,sourcing,1,51,3.0,12,0,47.0,0
54561,Sales & Marketing,region_15,Bachelor's,m,sourcing,1,34,5.0,10,0,51.0,0
62703,Procurement,region_2,Bachelor's,m,other,6,28,3.0,3,0,71.0,0
42648,Analytics,region_29,Bachelor's,m,sourcing,1,30,3.0,2,0,81.0,0
710,Analytics,region_22,Bachelor's,m,other,1,28,,1,0,86.0,1
27439,Sales & Marketing,region_22,Bachelor's,m,sourcing,1,28,3.0,2,0,52.0,0
44281,Sales & Marketing,region_5,Bachelor's,m,sourcing,1,35,4.0,5,0,46.0,0
74186,Sales & Marketing,region_7,Bachelor's,m,sourcing,1,42,2.0,7,0,,0
1060,Operations,region_2,Bachelor's,m,sourcing,1,57,3.0,14,0,,0
67881,Operations,region_22,Bachelor's,m,sourcing,1,27,1.0,4,0,59.0,0
26623,Procurement,region_2,Bachelor's,f,sourcing,3,39,3.0,10,0,73.0,0
28831,Technology,region_31,Bachelor's,f,sourcing,1,36,3.0,7,0,79.0,0
63028,Sales & Marketing,region_7,Master's & above,m,sourcing,1,42,3.0,2,0,49.0,0
56269,Sales & Marketing,region_26,Bachelor's,m,sourcing,1,39,3.0,5,0,51.0,0
50281,Finance,region_2,Bachelor's,f,sourcing,1,52,5.0,8,0,59.0,0
26129,Sales & Marketing,region_22,Bachelor's,m,referred,1,29,3.0,2,0,55.0,1
56744,Procurement,region_2,Bachelor's,m,sourcing,2,31,4.0,7,0,67.0,0
20115,Operations,region_2,Bachelor's,f,other,1,52,4.0,4,0,60.0,0
66872,Sales & Marketing,region_7,Bachelor's,m,sourcing,1,39,4.0,7,0,50.0,0
10420,Operations,region_22,Bachelor's,f,other,1,31,3.0,2,0,58.0,0
9376,Sales & Marketing,region_13,Bachelor's,f,sourcing,1,36,3.0,13,0,52.0,0
9644,Sales & Marketing,region_32,Bachelor's,m,sourcing,1,30,3.0,5,0,46.0,0
6104,Operations,region_22,Bachelor's,m,sourcing,1,27,5.0,4,0,68.0,1
12,Technology,region_31,Bachelor's,m,other,1,24,3.0,2,0,77.0,0
34428,Technology,region_7,Master's & above,f,other,1,41,4.0,8,1,93.0,1
15349,Procurement,region_2,Bachelor's,f,other,1,50,3.0,4,0,69.0,0
64999,Sales & Marketing,region_2,Bachelor's,m,other,3,45,3.0,16,0,51.0,0
77686,Sales & Marketing,region_15,Bachelor's,m,other,1,45,5.0,7,0,49.0,0
54502,Operations,region_23,Bachelor's,m,other,1,32,4.0,7,0,54.0,0
44396,Procurement,region_2,Master's & above,m,sourcing,2,46,3.0,13,0,75.0,0
